rank,release_date,title,url,production_cost,domestic_gross,worldwide_gross,opening_weekend,mpaa,genre,theaters,runtime,year
1,2019-04-23,Avengers: Endgame,/movie/Avengers-Endgame-(2019)#tab=summary,400000000,858373000,2797800564,357115007,PG-13,Action,4662,181,2019
2,2011-05-20,Pirates of the Caribbean: On Stranger Tides,/movie/Pirates-of-the-Caribbean-On-Stranger-Tides#tab=summary,379000000,241071802,1045713802,90151958,PG-13,Adventure,4164,136,2011
3,2015-04-22,Avengers: Age of Ultron,/movie/Avengers-Age-of-Ultron#tab=summary,365000000,459005868,1395316979,191271109,PG-13,Action,4276,141,2015
4,2015-12-16,Star Wars Ep. VII: The Force Awakens,/movie/Star-Wars-Ep-VII-The-Force-Awakens#tab=summary,306000000,936662225,2064615817,247966675,PG-13,Adventure,4134,136,2015
5,2018-04-25,Avengers: Infinity War,/movie/Avengers-Infinity-War#tab=summary,300000000,678815482,2048359754,257698183,PG-13,Action,4474,156,2018
6,2007-05-24,Pirates of the Caribbean: At World’s End,/movie/Pirates-of-the-Caribbean-At-Worlds-End#tab=summary,300000000,309420425,960996492,114732820,PG-13,Adventure,4362,167,2007
7,2017-11-13,Justice League,/movie/Justice-League-(2017)#tab=summary,300000000,229024295,655945209,93842239,PG-13,Action,4051,121,2017
8,2015-10-06,Spectre,/movie/Spectre#tab=summary,300000000,200074175,879500760,70403148,PG-13,Action,3929,148,2015
9,2023-07-11,Mission: Impossible Dead Reckoning Part One,/movie/Mission-Impossible-Dead-Reckoning-Part-One-(2023)#tab=summary,290000000,0,0,NA,NA,Action,NA,NA,2023
10,2019-12-18,Star Wars: The Rise of Skywalker,/movie/Star-Wars-The-Rise-of-Skywalker-(2019)#tab=summary,275000000,515202542,1072848487,177383864,PG-13,Adventure,4406,142,2019
11,2018-05-23,Solo: A Star Wars Story,/movie/Solo-A-Star-Wars-Story#tab=summary,275000000,213767512,393151347,84420489,PG-13,Adventure,4381,135,2018
12,2012-03-07,John Carter,/movie/John-Carter-of-Mars#tab=summary,263700000,73058679,282778100,30180188,PG-13,Adventure,3749,132,2012
13,2016-03-23,Batman v Superman: Dawn of Justice,/movie/Batman-v-Superman-Dawn-of-Justice#tab=summary,263000000,330360194,872395091,166007347,PG-13,Action,4256,151,2016
14,2017-12-13,Star Wars Ep. VIII: The Last Jedi,/movie/Star-Wars-Ep-VIII-The-Last-Jedi#tab=summary,262000000,620181382,1331635141,220009584,PG-13,Adventure,4232,150,2017
15,2019-07-11,The Lion King,/movie/Lion-King-The-(Live-Action)-(2019)#tab=summary,260000000,543638043,1647778651,191770759,PG,Adventure,4802,118,2019
16,2010-11-24,Tangled,/movie/Tangled#tab=summary,260000000,200821936,583777242,48767052,PG,Musical,3603,101,2010
17,2007-05-04,Spider-Man 3,/movie/Spider-Man-3#tab=summary,258000000,336530303,894860230,151116516,PG-13,Adventure,4324,139,2007
18,2016-04-22,Captain America: Civil War,/movie/Captain-America-Civil-War#tab=summary,250000000,408084349,1151918521,179139142,PG-13,Action,4226,146,2016
19,2022-07-01,Thor: Love and Thunder,/movie/Thor-Love-and-Thunder-(2022)#tab=summary,250000000,343256830,745453552,144165107,PG-13,Action,4375,119,2022
20,2009-07-15,Harry Potter and the Half-Blood Prince,/movie/Harry-Potter-and-the-Half-Blood-Prince#tab=summary,250000000,302089278,929411069,77835727,PG,Adventure,4455,153,2009
21,2013-12-12,The Hobbit: The Desolation of Smaug,/movie/Hobbit-The-Desolation-of-Smaug-The#tab=summary,250000000,258241522,959358436,73645197,PG-13,Adventure,3928,201,2013
22,2014-12-10,The Hobbit: The Battle of the Five Armies,/movie/Hobbit-The-Battle-of-the-Five-Armies-The#tab=summary,250000000,255119788,940389558,54724334,PG-13,Adventure,3875,144,2014
23,2017-04-07,The Fate of the Furious,/movie/Fate-of-the-Furious-The#tab=summary,250000000,225764765,1236703796,98786705,PG-13,Action,4329,136,2017
24,2021-09-29,No Time to Die,/movie/No-Time-to-Die-(2021)#tab=summary,250000000,160891007,760008036,55225007,PG-13,Action,4407,163,2021
25,2009-12-17,Avatar,/movie/Avatar#tab=summary,237000000,785221649,2910370905,77025481,PG-13,Action,3461,162,2009
26,2006-06-28,Superman Returns,/movie/Superman-Returns#tab=summary,232000000,200120000,391081192,52535096,PG-13,Adventure,4065,150,2006
27,2012-07-19,The Dark Knight Rises,/movie/Dark-Knight-Rises-The#tab=summary,230000000,448139099,1082228107,160887295,PG-13,Action,4404,164,2012
28,2017-05-23,Pirates of the Caribbean: Dead Men Tell No Tales,/movie/Pirates-of-the-Caribbean-Dead-Men-Tell-No-Tales#tab=summary,230000000,172558876,794861794,62983253,PG-13,Adventure,4276,135,2017
29,2008-11-14,Quantum of Solace,/movie/Quantum-of-Solace#tab=summary,230000000,169368427,591692078,67528882,PG-13,Action,3501,106,2008
30,2012-04-25,The Avengers,/movie/Avengers-The-(2012)#tab=summary,225000000,623357910,1515100211,207438708,PG-13,Action,4349,143,2012
31,2006-07-06,Pirates of the Caribbean: Dead Man’s Chest,/movie/Pirates-of-the-Caribbean-Dead-Mans-Chest#tab=summary,225000000,423315812,1066179725,135634554,PG-13,Adventure,4133,151,2006
32,2013-06-14,Man of Steel,/movie/Man-of-Steel#tab=summary,225000000,291045518,667999518,116619362,PG-13,Action,4207,142,2013
33,2008-05-16,The Chronicles of Narnia: Prince Caspian,/movie/Chronicles-of-Narnia-Prince-Caspian-The#tab=summary,225000000,141621490,417341288,55034805,PG,Adventure,3929,144,2008
34,2013-07-02,The Lone Ranger,/movie/Lone-Ranger-The#tab=summary,225000000,89302115,260002115,29210849,PG-13,Western,3904,149,2013
35,2012-06-27,The Amazing Spider-Man,/movie/Amazing-Spider-Man-The#tab=summary,220000000,262030663,757890267,62004688,PG-13,Adventure,4318,136,2012
36,2012-04-11,Battleship,/movie/Battleship#tab=summary,220000000,65233400,313477717,25534825,PG-13,Action,3702,130,2012
37,2017-06-20,Transformers: The Last Knight,/movie/Transformers-The-Last-Knight#tab=summary,217000000,130168683,602893340,44680073,PG-13,Action,4132,148,2017
38,2015-06-09,Jurassic World,/movie/Jurassic-World#tab=summary,215000000,652306625,1669979967,208806270,PG-13,Action,4291,124,2015
39,2012-05-23,Men in Black 3,/movie/Men-in-Black-3#tab=summary,215000000,179020854,654213485,54592779,PG-13,Adventure,4248,104,2012
40,2009-06-24,Transformers: Revenge of the Fallen,/movie/Transformers-Revenge-of-the-Fallen#tab=summary,210000000,402111870,836519699,108966307,PG-13,Action,4293,149,2009
41,2014-06-25,Transformers: Age of Extinction,/movie/Transformers-Age-of-Extinction#tab=summary,210000000,245439076,1104054072,100038390,PG-13,Action,4233,165,2014
42,2006-05-26,X-Men: The Last Stand,/movie/X-Men-The-Last-Stand#tab=summary,210000000,234362462,459260946,102750665,PG-13,Action,3714,104,2006
43,2010-05-14,Robin Hood,/movie/Robin-Hood-(2010)#tab=summary,210000000,105487148,322459006,36063385,PG-13,Action,3505,139,2010
44,2005-12-14,King Kong,/movie/King-Kong-(2005)#tab=summary,207000000,218080025,550517357,50130145,PG-13,Adventure,3627,189,2005
45,2007-12-07,The Golden Compass,/movie/His-Dark-Materials-The-Golden-Compass#tab=summary,205000000,70107728,367262558,25783232,PG-13,Adventure,3528,113,2007
46,2020-08-26,Tenet,/movie/Tenet-(2020)#tab=summary,205000000,58504105,362450957,20001852,PG-13,Action,2930,110,2020
47,2021-12-14,Spider-Man: No Way Home,/movie/Spider-Man-No-Way-Home-(2021)#tab=summary,200000000,814108407,1912775610,260138569,PG-13,Action,4336,148,2021
48,2018-02-13,Black Panther,/movie/Black-Panther#tab=summary,200000000,700059566,1336494321,202003951,PG-13,Action,4084,120,2018
49,1997-12-18,Titanic,/movie/Titanic-(1997)#tab=summary,200000000,659363944,2207986545,28638131,PG-13,Drama,3265,194,1997
50,2018-06-15,Incredibles 2,/movie/Incredibles-2#tab=summary,200000000,608581744,1242805359,182687905,PG,Adventure,4413,118,2018
51,2016-12-14,Rogue One: A Star Wars Story,/movie/Rogue-One-A-Star-Wars-Story#tab=summary,200000000,533539991,1055083596,155081681,PG-13,Adventure,4157,134,2016
52,2016-06-16,Finding Dory,/movie/Finding-Dory#tab=summary,200000000,486295561,1025006125,135060273,PG,Adventure,4305,103,2016
53,2019-06-20,Toy Story 4,/movie/Toy-Story-4-(2019)#tab=summary,200000000,434038008,1073080329,120908065,G,Adventure,4575,89,2019
54,2010-06-18,Toy Story 3,/movie/Toy-Story-3#tab=summary,200000000,415004880,1068879522,110307189,G,Adventure,4028,102,2010
55,2022-05-04,Doctor Strange in the Multiverse of Madness,/movie/Doctor-Strange-in-the-Multiverse-of-Madness-(2022)#tab=summary,200000000,411331607,952224986,187420998,PG-13,Action,4534,126,2022
56,2013-04-24,Iron Man 3,/movie/Iron-Man-3#tab=summary,200000000,408992272,1215392272,174144585,PG-13,Action,4253,130,2013
57,2017-04-28,Guardians of the Galaxy Vol 2,/movie/Guardians-of-the-Galaxy-Vol-2#tab=summary,200000000,389813101,869113101,146510104,PG-13,Action,4347,136,2017
58,2004-06-30,Spider-Man 2,/movie/Spider-Man-2#tab=summary,200000000,373524485,794697557,88156227,PG-13,Adventure,4166,127,2004
59,2022-03-01,The Batman,/movie/Batman-The-(2021)#tab=summary,200000000,369345583,767820302,134008624,PG-13,Action,4417,175,2022
60,2010-03-04,Alice in Wonderland,/movie/Alice-in-Wonderland-(2010)#tab=summary,200000000,334191110,1025491110,116101023,PG,Adventure,3739,108,2010
61,2012-10-26,Skyfall,/movie/Skyfall#tab=summary,200000000,304360277,1110526981,88364714,PG-13,Action,3526,143,2012
62,2012-12-11,The Hobbit: An Unexpected Journey,/movie/Hobbit-An-Unexpected-Journey-The#tab=summary,200000000,303003568,1014938545,84617303,PG-13,Adventure,4100,169,2012
63,2013-06-21,Monsters University,/movie/Monsters-University#tab=summary,200000000,268488329,743455810,82429469,G,Adventure,4004,102,2013
64,2013-03-08,Oz the Great and Powerful,/movie/Oz-The-Great-and-Powerful#tab=summary,200000000,234770996,490359051,79110453,PG,Adventure,3912,130,2013
65,2014-05-21,X-Men: Days of Future Past,/movie/X-Men-Days-of-Future-Past#tab=summary,200000000,233921534,747862775,90823660,PG-13,Action,4001,131,2014
66,2014-04-16,The Amazing Spider-Man 2,/movie/Amazing-Spider-Man-2-The#tab=summary,200000000,202853933,708996336,91608337,PG-13,Action,4324,141,2014
67,2011-06-23,Cars 2,/movie/Cars-2#tab=summary,200000000,191450875,560155383,66135507,G,Adventure,4115,107,2011
68,2021-07-07,Black Widow,/movie/Black-Widow-(2021)#tab=summary,200000000,183651655,379751655,80366312,PG-13,Action,4275,133,2021
69,2019-07-31,Fast & Furious Presents: Hobbs & Shaw,/movie/Fast-and-Furious-Presents-Hobbs-and-Shaw-(2019)#tab=summary,200000000,173956935,760381706,60038950,PG-13,Action,4344,134,2019
70,2021-05-20,F9: The Fast Saga,/movie/F9-The-Fast-Saga-(2021)#tab=summary,200000000,173005945,721077945,70043165,PG-13,Action,4203,145,2021
71,2010-12-17,Tron: Legacy,/movie/Tron-Legacy#tab=summary,200000000,172062763,399866199,44026211,PG,Adventure,3451,125,2010
72,2009-11-12,2012,/movie/2012#tab=summary,200000000,166112167,757677748,65237614,PG-13,Action,3444,158,2009
73,2021-11-03,Eternals,/movie/Eternals-(2021)#tab=summary,200000000,164870264,402064929,71297219,PG-13,Action,4090,156,2021
74,2018-11-14,Fantastic Beasts: The Crimes of Grindelwald,/movie/Fantastic-Beasts-The-Crimes-of-Grindelwald-(2018)#tab=summary,200000000,159555901,648455339,62163104,PG-13,Adventure,4163,134,2018
75,2009-05-21,Terminator Salvation,/movie/Terminator-Salvation#tab=summary,200000000,125322469,365491792,42558390,PG-13,Action,3602,116,2009
76,2022-06-15,Lightyear,/movie/Lightyear-(2022)#tab=summary,200000000,118307188,218571346,50577961,PG,Adventure,4255,110,2022
77,2021-07-28,Jungle Cruise,/movie/Jungle-Cruise-(2021)#tab=summary,200000000,116987516,210384144,35018731,PG-13,Adventure,4310,90,2021
78,2011-06-17,Green Lantern,/movie/Green-Lantern-(2011)#tab=summary,200000000,116601172,219535492,53174303,PG-13,Action,3816,113,2011
79,2022-04-06,Fantastic Beasts: The Secrets of Dumbledore,/movie/Fantastic-Beasts-The-Secrets-of-Dumbledore-(2021)#tab=summary,200000000,95850844,404560146,42151256,PG-13,Adventure,4245,NA,2022
80,2010-05-28,Prince of Persia: Sands of Time,/movie/Prince-of-Persia-Sands-of-Time#tab=summary,200000000,90759676,336359676,30095259,PG-13,Action,3646,115,2010
81,2019-06-05,Dark Phoenix,/movie/Dark-Phoenix-(2019)#tab=summary,200000000,65845974,246356895,32828348,PG-13,Action,3721,114,2019
82,2020-02-28,Onward,/movie/Onward-(2020)#tab=summary,200000000,61555145,133317030,39119861,PG,Adventure,4310,114,2020
83,2020-12-16,Wonder Woman 1984,/movie/Wonder-Woman-1984-(2020)#tab=summary,200000000,46801036,166360232,16701957,PG-13,Action,2218,151,2020
84,2020-09-04,Mulan,/movie/Mulan-(2020)#tab=summary,200000000,0,69965374,NA,PG-13,Adventure,NA,115,2020
85,2021-07-02,The Tomorrow War,/movie/Tomorrow-War-The#tab=summary,200000000,0,19220000,NA,PG-13,Action,NA,140,2021
86,2022-07-13,The Gray Man,/movie/Gray-Man-The-(2022)#tab=summary,200000000,0,451178,NA,PG-13,Thriller/Suspense,NA,129,2022
87,2011-06-29,Transformers: Dark of the Moon,/movie/Transformers-Dark-of-the-Moon-(2011)#tab=summary,195000000,352390543,1123794079,97852865,PG-13,Action,4107,154,2011
88,2017-06-02,The Mummy,/movie/Mummy-The-(2017)#tab=summary,195000000,80101125,409953905,31668375,PG-13,Adventure,4035,107,2017
89,2013-02-27,Jack the Giant Slayer,/movie/Jack-the-Giant-Slayer#tab=summary,195000000,65187603,197687603,27202226,PG-13,Adventure,3525,113,2013
90,2015-04-01,Furious 7,/movie/Furious-7#tab=summary,190000000,353007020,1514553486,147187040,PG-13,Action,4022,137,2015
91,2013-05-16,Star Trek Into Darkness,/movie/Star-Trek-Into-Darkness#tab=summary,190000000,228778661,467381584,70165559,PG-13,Adventure,3907,132,2013
92,2013-06-19,World War Z,/movie/World-War-Z#tab=summary,190000000,202706711,531861650,66411834,PG-13,Action,3607,115,2013
93,2013-05-10,The Great Gatsby,/movie/Great-Gatsby-The-(2011)#tab=summary,190000000,144840419,353640419,50085184,PG-13,Drama,3550,141,2013
94,2009-11-06,Disney’s A Christmas Carol,/movie/Disneys-A-Christmas-Carol#tab=summary,190000000,137855863,315709697,30051075,PG,Drama,3683,95,2009
95,2013-07-11,Pacific Rim,/movie/Pacific-Rim#tab=summary,190000000,101802906,411002906,37285325,PG-13,Action,3285,131,2013
96,2021-12-16,The Matrix Resurrections,/movie/Matrix-Resurrections-The-(2021)#tab=summary,190000000,37686805,156467817,10749011,R,Action,3552,148,2021
97,2015-11-25,The Good Dinosaur,/movie/Good-Dinosaur-The#tab=summary,187500000,123087120,333771037,39155217,PG,Adventure,3749,92,2015
98,2008-05-02,Iron Man,/movie/Iron-Man#tab=summary,186000000,318604126,585171547,102118668,PG-13,Adventure,4154,126,2008
99,2008-07-11,The Dark Knight,/movie/Dark-Knight-The#tab=summary,185000000,533720947,998615789,158411483,PG-13,Action,4366,152,2008
100,2008-05-22,Indiana Jones and the Kingdom of the Crystal Skull,/movie/Indiana-Jones-and-the-Kingdom-of-the-Crystal-Skull#tab=summary,185000000,317101119,786635413,100137835,PG-13,Adventure,4264,123,2008
101,2012-06-21,Brave,/movie/Brave#tab=summary,185000000,237282182,554606532,66323594,PG,Adventure,4164,93,2012
102,2017-02-23,Kong: Skull Island,/movie/Kong-Skull-Island#tab=summary,185000000,168052812,561072059,61025472,PG-13,Adventure,3846,118,2017
103,2016-07-21,Star Trek Beyond,/movie/Star-Trek-Beyond#tab=summary,185000000,158848340,335673708,59253211,PG-13,Adventure,3928,122,2016
104,2019-10-17,Maleficent: Mistress of Evil,/movie/Maleficent-Mistress-of-Evil-(2019)#tab=summary,185000000,113929605,489346495,36948713,PG,Adventure,3820,118,2019
105,2017-09-29,Blade Runner 2049,/movie/Blade-Runner-2049#tab=summary,185000000,92054159,258829058,32753122,R,Thriller/Suspense,4058,164,2017
106,2019-10-25,Terminator: Dark Fate,/movie/Terminator-Dark-Fate-(2019)#tab=summary,185000000,62253077,250372367,29033832,R,Action,4086,128,2019
107,2021-07-28,The Suicide Squad,/movie/Suicide-Squad-The-(2021)#tab=summary,185000000,55817425,167120232,26205415,R,Action,4019,132,2021
108,2019-05-22,Aladdin,/movie/Aladdin-(2019)#tab=summary,182000000,355559216,1046649706,91500929,PG,Adventure,4476,128,2019
109,2017-10-25,Thor: Ragnarok,/movie/Thor-Ragnarok#tab=summary,180000000,315058289,850482778,122744989,PG-13,Action,4080,130,2017
110,2005-12-09,"The Chronicles of Narnia: The Lion, the Witch a…",/movie/Chronicles-of-Narnia-The-Lion-the-Witch-and-the-Wardrobe-The#tab=summary,180000000,291710957,720539572,NA,NA,NA,NA,NA,2005
111,2014-05-28,Maleficent,/movie/Maleficent#tab=summary,180000000,241407328,758536735,69431298,PG,Adventure,3948,97,2014
112,2016-11-14,Fantastic Beasts and Where to Find Them,/movie/Fantastic-Beasts-and-Where-to-Find-Them#tab=summary,180000000,234037575,811724385,74403387,PG-13,Adventure,4144,133,2016
113,2008-06-27,WALL-E,/movie/WALL-E#tab=summary,180000000,223808164,532508025,63087526,G,Adventure,3992,100,2008
114,2007-08-10,Rush Hour 3,/movie/Rush-Hour-3#tab=summary,180000000,140125968,256585882,49100158,PG-13,Action,3778,91,2007
115,2016-06-27,The Legend of Tarzan,/movie/Legend-of-Tarzan-The#tab=summary,180000000,126643061,348902025,38527856,PG-13,Adventure,3591,110,2016
116,2011-11-23,Hugo,/movie/Hugo#tab=summary,180000000,73864507,180047784,11364505,PG,Adventure,2608,126,2011
117,2017-07-20,Valerian and the City of a Thousand Planets,/movie/Valerian-and-the-City-of-a-Thousand-Planets-(France)#tab=summary,180000000,40479370,215098356,17007624,PG-13,Adventure,3553,129,2017
118,2015-02-06,Jupiter Ascending,/movie/Jupiter-Ascending#tab=summary,179000000,47482519,181982519,18372372,PG-13,Action,3885,127,2015
119,2018-07-16,Mission: Impossible—Fallout,/movie/Mission-Impossible-Fallout#tab=summary,178000000,220159104,787176729,61236534,PG-13,Action,4395,147,2018
120,2016-05-18,X-Men: Apocalypse,/movie/X-Men-Apocalypse-(2016)#tab=summary,178000000,155442489,542537546,65769562,PG-13,Action,4153,136,2016
121,2018-08-09,The Meg,/movie/Meg-The#tab=summary,178000000,145443742,527370715,45402195,PG-13,Action,4118,113,2018
122,2014-05-28,Edge of Tomorrow,/movie/Edge-of-Tomorrow#tab=summary,178000000,100206256,367028980,28760246,PG-13,Action,3505,136,2014
123,2019-03-06,Captain Marvel,/movie/Captain-Marvel-(2019)#tab=summary,175000000,426829839,1129727388,153433423,PG-13,Action,4310,124,2019
124,2016-04-07,The Jungle Book,/movie/Jungle-Book-The-(2016)#tab=summary,175000000,364001123,953554418,103261464,PG,Adventure,4144,105,2016
125,2015-06-12,Inside Out,/movie/Inside-Out-(2015)#tab=summary,175000000,356461711,853003563,90440272,PG,Adventure,4158,95,2015
126,2017-07-05,Spider-Man: Homecoming,/movie/Spider-Man-Homecoming#tab=summary,175000000,334201140,878346440,117027503,PG-13,Action,4348,133,2017
127,2016-08-02,Suicide Squad,/movie/Suicide-Squad#tab=summary,175000000,325100054,745744980,133682248,PG-13,Action,4255,123,2016
128,2009-05-28,Up,/movie/Up#tab=summary,175000000,293004164,731463377,68108790,PG,Adventure,3886,89,2009
129,2017-10-27,Coco,/movie/Coco-(2017)#tab=summary,175000000,210460015,797666425,50802605,PG,Musical,3987,105,2017
130,2018-11-21,Ralph Breaks The Internet,/movie/Ralph-Breaks-The-Internet-(2018)#tab=summary,175000000,201091711,529290830,56237634,PG,Adventure,4017,112,2018
131,2009-03-27,Monsters vs. Aliens,/movie/Monsters-vs-Aliens#tab=summary,175000000,198351526,381687380,59321095,PG,Adventure,4136,95,2009
132,2017-06-16,Cars 3,/movie/Cars-3#tab=summary,175000000,152901115,383541369,53688680,G,Adventure,4256,109,2017
133,2009-08-07,G.I. Joe: The Rise of Cobra,/movie/GI-Joe-The-Rise-of-Cobra-(2009)#tab=summary,175000000,150201498,302469017,54713046,PG-13,Action,4007,118,2009
134,1999-06-30,Wild Wild West,/movie/Wild-Wild-West#tab=summary,175000000,113805681,221229335,27687484,PG-13,Adventure,3342,107,1999
135,2008-08-01,The Mummy: Tomb of the Dragon Emperor,/movie/Mummy-Tomb-of-the-Dragon-Emperor-The#tab=summary,175000000,102491776,405760225,40457770,PG-13,Adventure,3778,111,2008
136,2007-06-22,Evan Almighty,/movie/Evan-Almighty#tab=summary,175000000,100289690,174131329,31192615,PG,Comedy,3636,96,2007
137,1995-07-28,Waterworld,/movie/Waterworld#tab=summary,175000000,88246220,264246220,21171780,PG-13,Action,2420,135,1995
138,2020-01-08,Dolittle,/movie/Dolittle#tab=summary,175000000,77047065,251410631,21844045,PG,Adventure,4155,103,2020
139,2017-05-11,King Arthur: Legend of the Sword,/movie/King-Arthur-Legend-of-the-Sword#tab=summary,175000000,39175066,139630336,15371270,PG-13,Adventure,3702,126,2017
140,2013-12-06,47 Ronin,/movie/47-Ronin#tab=summary,175000000,38362475,151716815,9910310,PG-13,Action,2690,127,2013
141,2022-03-10,Turning Red,/movie/Turning-Red-(2022)#tab=summary,175000000,0,10965045,NA,PG,Adventure,NA,100,2022
142,2022-05-20,Top Gun: Maverick,/movie/Top-Gun-Maverick-(2020)#tab=summary,170000000,715270567,1478823595,126707459,PG-13,Action,4751,131,2022
143,2018-06-06,Jurassic World: Fallen Kingdom,/movie/Jurassic-World-Fallen-Kingdom-(2018)#tab=summary,170000000,417719760,1308334005,148024610,PG-13,Action,4485,128,2018
144,2014-07-31,Guardians of the Galaxy,/movie/Guardians-of-the-Galaxy#tab=summary,170000000,333714112,770882395,94320883,PG-13,Action,4088,121,2014
145,2010-05-07,Iron Man 2,/movie/Iron-Man-2#tab=summary,170000000,312433331,621156389,128122480,PG-13,Action,4390,125,2010
146,2014-03-28,Captain America: The Winter Soldier,/movie/Captain-America-The-Winter-Soldier#tab=summary,170000000,259746958,714401889,95023721,PG-13,Action,3938,135,2014
147,2014-07-09,Dawn of the Planet of the Apes,/movie/Dawn-of-the-Planet-of-the-Apes#tab=summary,170000000,208545589,710644566,72611427,PG-13,Adventure,3969,130,2014
148,2004-11-10,The Polar Express,/movie/Polar-Express-The#tab=summary,170000000,188578855,312719437,23325035,G,Adventure,3650,92,2004
149,2012-05-30,Snow White and the Huntsman,/movie/Snow-White-and-the-Huntsman#tab=summary,170000000,155136755,401021746,56217700,PG-13,Adventure,3777,127,2012
150,2003-07-01,Terminator 3: Rise of the Machines,/movie/Terminator-3-Rise-of-the-Machines#tab=summary,170000000,150358296,433058296,44041440,R,Action,3504,109,2003
151,2004-05-05,Van Helsing,/movie/Van-Helsing#tab=summary,170000000,120150546,300150546,51748040,PG-13,Action,3580,132,2004
152,2019-03-27,Dumbo,/movie/Dumbo-(2019)#tab=summary,170000000,114766307,353166307,45990748,PG,Adventure,4259,130,2019
153,2019-05-29,Godzilla: King of the Monsters,/movie/Godzilla-King-of-the-Monsters-(2019)#tab=summary,170000000,110500138,383299915,47776293,PG-13,Action,4108,132,2019
154,2015-05-20,Tomorrowland,/movie/Tomorrowland#tab=summary,170000000,93436322,206627518,33028165,PG,Adventure,3972,129,2015
155,2019-02-01,Alita: Battle Angel,/movie/Alita-Battle-Angel-(2019)#tab=summary,170000000,85838210,401900040,28525613,PG-13,Action,3802,122,2019
156,2016-05-20,Alice Through the Looking Glass,/movie/Alice-Through-the-Looking-Glass#tab=summary,170000000,77042381,276928112,26858726,PG,Adventure,3763,113,2016
157,2022-06-01,Jurassic World: Dominion,/movie/Jurassic-World-Dominion-(2022)#tab=summary,165000000,376009080,1001188755,145075625,PG-13,Action,4697,146,2022
158,2010-05-21,Shrek Forever After,/movie/Shrek-Forever-After-(2010)#tab=summary,165000000,238736787,756244673,70838207,PG,Adventure,4386,93,2010
159,2016-10-24,Doctor Strange,/movie/Doctor-Strange-(2016)#tab=summary,165000000,232641920,676354481,85058311,PG-13,Action,3882,115,2016
160,2014-10-25,Big Hero 6,/movie/Big-Hero-6#tab=summary,165000000,222527828,648415024,56215889,PG,Adventure,3773,108,2014
161,2010-03-26,How to Train Your Dragon,/movie/How-to-Train-Your-Dragon#tab=summary,165000000,217581232,494870992,43732319,PG,Adventure,4060,91,2010
162,2012-11-01,Wreck-It Ralph,/movie/Wreck-It-Ralph#tab=summary,165000000,189412677,496511521,49038712,PG,Adventure,3752,101,2012
163,2014-11-05,Interstellar,/movie/Interstellar#tab=summary,165000000,188017894,649133873,47510360,PG-13,Adventure,3561,165,2014
164,2021-09-15,Dune,/movie/Dune-(2020)#tab=summary,165000000,108327830,397720527,41011174,PG-13,Action,4125,156,2021
165,2016-06-22,Independence Day: Resurgence,/movie/Independence-Day-Resurgence#tab=summary,165000000,103144286,384169424,41039944,PG-13,Action,4091,119,2016
166,2011-07-29,Cowboys and Aliens,/movie/Cowboys-and-Aliens#tab=summary,163000000,100368560,176038324,36431290,PG-13,Action,3754,118,2011
167,2017-03-16,Beauty and the Beast,/movie/Beauty-and-the-Beast-(2017)#tab=summary,160000000,504014165,1270042058,174750616,PG,Musical,4210,123,2017
168,2019-06-27,Spider-Man: Far From Home,/movie/Spider-Man-Far-From-Home-(2019)#tab=summary,160000000,390532085,1132532832,92579212,PG-13,Action,4634,129,2019
169,2018-12-06,Aquaman,/movie/Aquaman-(2018)#tab=summary,160000000,335061807,1143758700,67873522,PG-13,Action,4184,143,2018
170,2007-05-17,Shrek the Third,/movie/Shrek-the-Third#tab=summary,160000000,322719944,807330936,121629270,PG,Adventure,4172,92,2007
171,2010-07-16,Inception,/movie/Inception#tab=summary,160000000,292576195,728582465,62785337,PG-13,Thriller/Suspense,3792,147,2010
172,2015-11-18,The Hunger Games: Mockingjay - Part 2,/movie/Hunger-Games-Mockingjay-Part-2-The#tab=summary,160000000,281723902,648986787,102665981,PG-13,Thriller/Suspense,4175,136,2015
173,2013-05-17,Fast and Furious 6,/movie/Fast-and-Furious-6#tab=summary,160000000,238679850,789300444,97375245,PG-13,Action,3771,130,2013
174,2014-05-14,Godzilla,/movie/Godzilla-(2014)#tab=summary,160000000,200676069,529076069,93188384,PG-13,Action,3952,123,2014
175,2011-06-03,X-Men: First Class,/movie/X-Men-First-Class#tab=summary,160000000,146408305,355408305,55101604,PG-13,Action,3692,132,2011
176,2008-12-25,The Curious Case of Benjamin Button,/movie/Curious-Case-of-Benjamin-Button-The#tab=summary,160000000,127509326,329631958,26853816,PG-13,Drama,2988,167,2008
177,2010-07-14,The Sorcerer's Apprentice,/movie/Sorcerers-Apprentice-The#tab=summary,160000000,63150991,217986320,17619622,PG,Adventure,3504,108,2010
178,2006-05-12,Poseidon,/movie/Poseidon#tab=summary,160000000,60674817,181674817,22155410,PG-13,Adventure,3555,NA,2006
179,2016-05-25,Warcraft,/movie/Warcraft#tab=summary,160000000,47365290,438899824,24166110,PG-13,Action,3406,123,2016
180,2019-11-01,The Irishman,/movie/Irishman-The-(2019)#tab=summary,159000000,0,910234,NA,R,Drama,NA,210,2019
181,2016-09-29,Deepwater Horizon,/movie/Deepwater-Horizon#tab=summary,156000000,61433527,122359309,20223544,PG-13,Thriller/Suspense,3403,107,2016
182,2010-12-10,The Chronicles of Narnia: The Voyage of the Daw…,/movie/Chronicles-of-Narnia-The-Voyage-of-the-Dawn-Treader-The#tab=summary,155000000,104386950,418186950,NA,NA,NA,NA,NA,2010
183,2021-03-25,Godzilla vs. Kong,/movie/Godzilla-vs-Kong-(2020)#tab=summary,155000000,100916094,468064628,32200000,PG-13,Action,3084,113,2021
184,2015-06-24,Terminator: Genisys,/movie/Terminator-Genisys#tab=summary,155000000,89760956,432150894,27018486,PG-13,Action,3783,126,2015
185,2018-03-16,Pacific Rim: Uprising,/movie/Pacific-Rim-Uprising#tab=summary,155000000,59874525,290930148,28116535,PG-13,Action,3708,111,2018
186,2004-11-24,Alexander,/movie/Alexander#tab=summary,155000000,34297191,167297191,13687087,R,Action,2445,175,2004
187,2017-07-14,War for the Planet of the Apes,/movie/War-for-the-Planet-of-the-Apes#tab=summary,152000000,146880162,489592267,56262929,PG-13,Action,4100,142,2017
188,2001-05-25,Pearl Harbor,/movie/Pearl-Harbor#tab=summary,151500000,198539855,449239853,59078912,PG-13,Action,3255,182,2001
189,2007-07-02,Transformers,/movie/Transformers#tab=summary,151000000,319246193,708272592,70502384,PG-13,Action,4050,142,2007
190,2019-11-20,Frozen II,/movie/Frozen-II-(2019)#tab=summary,150000000,477373578,1445182280,130263358,PG,Adventure,4440,103,2019
191,2017-05-29,Wonder Woman,/movie/Wonder-Woman-(2017)#tab=summary,150000000,412563408,818058221,103251471,PG-13,Action,4165,141,2017
192,2013-11-22,Frozen,/movie/Frozen-(2013)#tab=summary,150000000,400953009,1261788407,243390,PG,Musical,3742,102,2013
193,2016-02-10,Zootopia,/movie/Zootopia-(2016)#tab=summary,150000000,341268248,1004629935,75063401,PG,Adventure,3959,108,2016
194,2007-07-11,Harry Potter and the Order of the Phoenix,/movie/Harry-Potter-and-the-Order-of-the-Phoenix#tab=summary,150000000,292137260,939619849,77108414,PG-13,Adventure,4285,138,2007
195,2005-11-18,Harry Potter and the Goblet of Fire,/movie/Harry-Potter-and-the-Goblet-of-Fire#tab=summary,150000000,290201752,886746240,102685961,PG-13,Adventure,3858,150,2005
196,2003-05-15,The Matrix Reloaded,/movie/Matrix-Reloaded-The#tab=summary,150000000,281553689,738576929,91774413,R,Action,3603,138,2003
197,2007-12-14,I am Legend,/movie/I-am-Legend#tab=summary,150000000,256393010,585532684,77211321,PG-13,Horror,3648,100,2007
198,2016-01-27,Moana,/movie/Moana-(2016)#tab=summary,150000000,248757044,631617146,56631401,PG,Musical,3875,113,2016
199,2008-07-01,Hancock,/movie/Hancock-(2008)#tab=summary,150000000,227946274,624234272,62603879,PG-13,Action,3965,92,2008
200,2021-09-01,Shang-Chi and the Legend of the Ten Rings,/movie/Shang-Chi-and-the-Legend-of-the-Ten-Rings-(2021)#tab=summary,150000000,224543292,432243292,75388688,PG-13,Action,4300,132,2021
201,2005-07-15,Charlie and the Chocolate Factory,/movie/Charlie-and-the-Chocolate-Factory-(2005)#tab=summary,150000000,206459076,475825484,56178450,PG,Adventure,3790,115,2005
202,2007-06-29,Ratatouille,/movie/Ratatouille#tab=summary,150000000,206445654,626549695,47027395,G,Adventure,3940,110,2007
203,2013-10-30,Thor: The Dark World,/movie/Thor-The-Dark-World#tab=summary,150000000,206362140,644602516,85737841,PG-13,Action,3841,111,2013
204,2005-06-15,Batman Begins,/movie/Batman-Begins#tab=summary,150000000,205343774,358858124,48745440,PG-13,Action,3858,140,2005
205,2015-07-29,Mission: Impossible—Rogue Nation,/movie/Mission-Impossible-Rogue-Nation#tab=summary,150000000,195042377,688858992,55520089,PG-13,Action,3988,131,2015
206,2017-07-18,Dunkirk,/movie/Dunkirk-(2017)#tab=summary,150000000,190068280,518058826,50513488,PG-13,Action,4014,107,2017
207,2011-04-29,Thor,/movie/Thor#tab=summary,150000000,181030624,449326618,65723338,PG-13,Action,3963,113,2011
208,2008-11-07,Madagascar: Escape 2 Africa,/movie/Madagascar-Escape-2-Africa#tab=summary,150000000,180174880,599680774,63106589,PG,Adventure,4065,89,2008
209,2009-05-01,X-Men Origins: Wolverine,/movie/X-Men-Origins-Wolverine#tab=summary,150000000,179883157,374825760,85058003,PG-13,Action,4102,107,2009
210,2009-05-22,Night at the Museum: Battle of the Smithsonian,/movie/Night-at-the-Museum-Battle-of-the-Smithsonian#tab=summary,150000000,177243721,402231063,54173286,PG,Adventure,4101,105,2009
211,2011-05-26,Kung Fu Panda 2,/movie/Kung-Fu-Panda-2#tab=summary,150000000,165249063,664837547,47656302,PG,Adventure,3952,90,2011
212,2015-05-14,Mad Max: Fury Road,/movie/Mad-Max-Fury-Road#tab=summary,150000000,153636354,367457874,45428128,R,Action,3722,120,2015
213,2019-05-03,Pokémon: Detective Pikachu,/movie/Pokemon-Detective-Pikachu-(2019)#tab=summary,150000000,144105346,431344168,54365242,PG,Adventure,4248,104,2019
214,2003-11-05,The Matrix Revolutions,/movie/Matrix-Revolutions-The#tab=summary,150000000,139270910,427300260,48475154,R,Action,3502,129,2003
215,2018-03-20,Ready Player One,/movie/Ready-Player-One#tab=summary,150000000,137690172,579055653,41769050,PG-13,Adventure,4234,140,2018
216,2005-11-04,Chicken Little,/movie/Chicken-Little#tab=summary,150000000,135386665,310043823,40049778,G,Adventure,3658,82,2005
217,2006-05-05,Mission: Impossible III,/movie/Mission-Impossible-III#tab=summary,150000000,133501348,399387745,47743273,PG-13,Action,4059,126,2006
218,2009-05-15,Angels & Demons,/movie/Angels-and-Demons#tab=summary,150000000,133375846,490875846,46204168,PG-13,Thriller/Suspense,3527,138,2009
219,2004-05-13,Troy,/movie/Troy#tab=summary,150000000,133298577,483152040,46865412,R,Action,3411,162,2004
220,2010-07-01,The Last Airbender,/movie/Last-Airbender-The#tab=summary,150000000,131772187,319713881,40325019,PG,Adventure,3203,103,2010
221,2007-11-02,Bee Movie,/movie/Bee-Movie#tab=summary,150000000,126631277,287594577,38021044,PG,Adventure,3984,90,2007
222,2009-07-24,G-Force,/movie/G-Force#tab=summary,150000000,119436770,292817841,31706934,PG,Adventure,3697,87,2009
223,2008-11-21,Bolt,/movie/Bolt#tab=summary,150000000,114053579,328015029,26223128,PG,Adventure,3654,96,2008
224,2021-11-24,Encanto,/movie/Encanto-(2021)#tab=summary,150000000,96093622,230873149,27206494,PG,Adventure,3980,109,2021
225,2012-03-28,Wrath of the Titans,/movie/Wrath-of-the-Titans#tab=summary,150000000,83670083,305270083,33457188,PG-13,Adventure,3545,99,2012
226,2007-11-16,Beowulf,/movie/Beowulf#tab=summary,150000000,82280579,195080579,27515871,PG-13,Adventure,3249,115,2007
227,2012-05-09,Dark Shadows,/movie/Dark-Shadows#tab=summary,150000000,79727149,238202668,29685274,PG-13,Black Comedy,3755,112,2012
228,2013-06-28,White House Down,/movie/White-House-Down#tab=summary,150000000,73103784,205440387,24852258,PG-13,Thriller/Suspense,3222,131,2013
229,2021-07-14,Space Jam: A New Legacy,/movie/Space-Jam-A-New-Legacy#tab=summary,150000000,70592228,144003749,31053362,PG,Comedy,4002,115,2021
230,2010-02-12,The Wolfman,/movie/Wolfman-The-(2010)#tab=summary,150000000,62189884,142634358,31479235,R,Horror,3223,102,2010
231,2016-12-15,The Great Wall,/movie/Great-Wall-The#tab=summary,150000000,45157105,334486852,18469620,PG-13,Action,3328,104,2016
232,2015-09-25,Pan,/movie/Pan-(2015)#tab=summary,150000000,35088320,151525973,15315435,PG,Adventure,3515,111,2015
233,2011-03-11,Mars Needs Moms,/movie/Mars-Needs-Moms#tab=summary,150000000,21392758,39549758,6914488,PG,Adventure,3117,88,2011
234,2022-02-03,Moonfall,/movie/Moonfall-(2022)#tab=summary,150000000,19060660,59049032,9868997,PG-13,Action,3446,124,2022
235,2021-11-04,Red Notice,/movie/Red-Notice-(2020)#tab=summary,150000000,0,173638,NA,PG-13,Action,NA,115,2021
236,2019-12-13,6 Underground,/movie/6-Underground-(2019)#tab=summary,150000000,0,0,NA,R,Action,NA,128,2019
237,2006-11-03,Flushed Away,/movie/Flushed-Away#tab=summary,149000000,64665672,179357126,18814323,PG,Adventure,3707,85,2006
238,2012-06-08,Madagascar 3: Europe's Most Wanted,/movie/Madagascar-3#tab=summary,145000000,216391482,746921271,60316738,PG,Adventure,4263,85,2012
239,2011-12-14,Mission: Impossible—Ghost Protocol,/movie/Mission-Impossible-Ghost-Protocol#tab=summary,145000000,209397903,694713230,12785204,PG-13,Action,3555,132,2011
240,2014-06-05,How to Train Your Dragon 2,/movie/How-to-Train-Your-Dragon-2-(2014)#tab=summary,145000000,177002924,614586270,49451322,PG,Adventure,4268,102,2014
241,1999-06-16,Tarzan,/movie/Tarzan#tab=summary,145000000,171091819,448191819,34221968,G,Adventure,3131,88,1999
242,2014-02-20,Mr. Peabody & Sherman,/movie/Mr-Peabody-and-Sherman#tab=summary,145000000,111506430,269806430,32207057,PG,Adventure,3951,91,2014
243,2012-11-20,Rise of the Guardians,/movie/Rise-of-the-Guardians#tab=summary,145000000,103412758,306900902,23773465,PG,Adventure,3672,97,2012
244,2005-04-08,Sahara,/movie/Sahara#tab=summary,145000000,68671925,121645390,18068372,PG-13,Adventure,3200,124,2005
245,2016-07-13,Ghostbusters,/movie/Ghostbusters-(2016)#tab=summary,144000000,128350574,229008658,46018755,PG-13,Comedy,3963,117,2016
246,2002-11-22,Die Another Day,/movie/Die-Another-Day#tab=summary,142000000,160942139,431942139,47072040,PG-13,Action,3377,133,2002
247,2003-07-09,Pirates of the Caribbean: The Curse of the Blac…,/movie/Pirates-of-the-Caribbean-The-Curse-of-the-Black-Pearl#tab=summary,140000000,305410819,654310819,NA,NA,NA,NA,NA,2003
248,2009-05-08,Star Trek,/movie/Star-Trek#tab=summary,140000000,257730019,386839614,79204289,PG-13,Adventure,4053,125,2009
249,1998-07-01,Armageddon,/movie/Armageddon#tab=summary,140000000,201578182,554600000,36089972,PG-13,Adventure,3184,150,1998
250,2002-07-03,Men in Black 2,/movie/Men-in-Black-2#tab=summary,140000000,190418803,441767803,52148751,PG-13,Action,3641,86,2002
251,2011-07-22,Captain America: The First Avenger,/movie/Captain-America-The-First-Avenger#tab=summary,140000000,176654505,370569776,65058524,PG-13,Action,3715,124,2011
252,2016-01-23,Kung Fu Panda 3,/movie/Kung-Fu-Panda-3#tab=summary,140000000,143528619,521170825,41282042,PG,Adventure,3987,94,2016
253,1998-07-10,Lethal Weapon 4,/movie/Lethal-Weapon-4#tab=summary,140000000,130444603,285400000,34048124,R,Action,3117,127,1998
254,2013-03-27,G.I. Joe: Retaliation,/movie/GI-Joe-Retaliation#tab=summary,140000000,122523060,375740705,40501814,PG-13,Action,3734,110,2013
255,2003-12-05,The Last Samurai,/movie/Last-Samurai-The#tab=summary,140000000,111110575,456810575,24271354,R,Action,2938,154,2003
256,2005-12-21,Fun With Dick And Jane,/movie/Fun-With-Dick-And-Jane#tab=summary,140000000,110550000,203018919,14383515,PG-13,Comedy,3239,90,2005
257,2014-12-05,Exodus: Gods and Kings,/movie/Exodus-Gods-and-Kings#tab=summary,140000000,65014513,268314513,24115934,PG-13,Drama,3503,150,2014
258,2016-06-30,The BFG,/movie/BFG-The-(2016)#tab=summary,140000000,55483770,199646680,18775350,PG,Adventure,3392,115,2016
259,2019-10-03,Gemini Man,/movie/Gemini-Man-(2019)#tab=summary,140000000,48546770,166623705,20552372,PG-13,Action,3642,116,2019
260,2016-02-24,Gods of Egypt,/movie/Gods-of-Egypt#tab=summary,140000000,31153464,138836756,14123903,PG-13,Adventure,3117,127,2016
261,NA,Desert Warrior,/movie/Desert-Warrior-(2022-Saudi-Arabia)#tab=summary,140000000,0,0,NA,NA,NA,NA,NA,NA
262,2002-05-03,Spider-Man,/movie/Spider-Man#tab=summary,139000000,403706375,821706375,114844116,PG-13,Adventure,3876,121,2002
263,2009-03-06,Watchmen,/movie/Watchmen#tab=summary,138000000,107509799,186976250,55214334,R,Action,3611,161,2009
264,2005-07-29,Stealth,/movie/Stealth#tab=summary,138000000,32116746,76416746,13251545,PG-13,Action,3495,121,2005
265,2008-06-13,The Incredible Hulk,/movie/Incredible-Hulk-The#tab=summary,137500000,134806913,265573859,55414050,PG-13,Adventure,3508,112,2008
266,2003-06-20,Hulk,/movie/Hulk#tab=summary,137000000,132177234,245031679,62128420,PG-13,Action,3674,138,2003
267,2001-07-11,Final Fantasy: The Spirits Within,/movie/Final-Fantasy-The-Spirits-Within#tab=summary,137000000,32131830,85131830,11408853,PG-13,Adventure,2649,106,2001
268,2012-11-14,"The Twilight Saga: Breaking Dawn, Part 2",/movie/Twilight-Saga-Breaking-Dawn-Part-2-The#tab=summary,136200000,292324737,829724737,141067634,PG-13,Drama,4070,115,2012
269,2013-03-15,The Croods,/movie/Croods-The#tab=summary,135000000,187168425,573068425,43639736,PG,Adventure,4065,98,2013
270,2015-12-25,The Revenant,/movie/Revenant-The-(2015)#tab=summary,135000000,183637894,532938302,474560,R,Adventure,3711,156,2015
271,1999-11-19,The World is Not Enough,/movie/World-is-Not-Enough-The#tab=summary,135000000,126930660,361730660,35519007,PG-13,Action,3165,128,1999
272,2011-03-04,Rango,/movie/Rango#tab=summary,135000000,123477607,245724600,38079323,PG,Adventure,3923,107,2011
273,2003-11-14,Master and Commander: The Far Side of the World,/movie/Master-and-Commander-The-Far-Side-of-the-World#tab=summary,135000000,93926386,212912137,25105990,PG-13,Adventure,3101,139,2003
274,2013-07-17,Turbo,/movie/Turbo#tab=summary,135000000,83028130,286896578,21312625,PG,Adventure,3809,96,2013
275,2016-06-02,Teenage Mutant Ninja Turtles: Out of the Shadows,/movie/Teenage-Mutant-Ninja-Turtles-Out-of-the-Shadows#tab=summary,135000000,82051601,245328374,35316382,PG-13,Adventure,4071,112,2016
276,2011-11-18,Happy Feet Two,/movie/Happy-Feet-2#tab=summary,135000000,64006466,157956466,21237068,PG,Adventure,3611,99,2011
277,2006-07-28,Miami Vice,/movie/Miami-Vice-(2006)#tab=summary,135000000,63478838,164920076,25723815,R,Action,3026,132,2006
278,2018-10-31,The Nutcracker and the Four Realms,/movie/Nutcracker-and-the-Four-Realms-The-(2018)#tab=summary,132900000,54858851,170024300,20352491,PG,Adventure,3766,99,2018
279,2005-06-24,War of the Worlds,/movie/War-of-the-Worlds#tab=summary,132000000,234280354,606836535,64878725,PG-13,Action,3910,116,2005
280,2014-11-26,Penguins of Madagascar,/movie/Penguins-of-Madagascar#tab=summary,132000000,83350911,366942531,25447444,PG,Adventure,3775,92,2014
281,2013-11-15,The Hunger Games: Catching Fire,/movie/Hunger-Games-Catching-Fire-The#tab=summary,130000000,424668047,864868047,158074286,PG-13,Adventure,4163,146,2013
282,2004-05-31,Harry Potter and the Prisoner of Azkaban,/movie/Harry-Potter-and-the-Prisoner-of-Azkaban#tab=summary,130000000,249757726,789592708,93687367,PG,Adventure,3855,141,2004
283,2007-08-03,The Bourne Ultimatum,/movie/Bourne-Ultimatum-The#tab=summary,130000000,227471070,444043396,69283690,PG-13,Thriller/Suspense,3701,113,2007
284,2018-07-03,Ant-Man and the Wasp,/movie/Ant-Man-and-the-Wasp#tab=summary,130000000,216648740,623144660,75812205,PG-13,Action,4206,118,2018
285,2008-06-06,Kung Fu Panda,/movie/Kung-Fu-Panda#tab=summary,130000000,215434591,631910531,60239130,PG,Adventure,4136,91,2008
286,2015-07-14,Ant-Man,/movie/Ant-Man#tab=summary,130000000,180202163,518858449,57225526,PG-13,Action,3868,117,2015
287,2015-03-19,Home,/movie/Home-(2015)#tab=summary,130000000,177397510,385997896,52107731,PG,Adventure,3801,94,2015
288,2018-12-19,Mary Poppins Returns,/movie/Mary-Poppins-Returns-(2018)#tab=summary,130000000,171958438,348901032,23523121,PG,Musical,4090,130,2018
289,2011-10-28,Puss in Boots,/movie/Puss-in-Boots#tab=summary,130000000,149260504,554987477,34077439,PG,Adventure,3963,90,2011
290,2010-11-05,Megamind,/movie/Megamind#tab=summary,130000000,148415853,321887208,46016833,PG,Adventure,3949,95,2010
291,2003-07-18,Bad Boys II,/movie/Bad-Boys-II#tab=summary,130000000,138540870,273271982,46522560,R,Action,3202,140,2003
292,2014-03-20,Rio 2,/movie/Rio-2#tab=summary,130000000,131538435,492846291,39327869,G,Adventure,3975,101,2014
293,2010-07-23,Salt,/movie/Salt#tab=summary,130000000,118311368,290650494,36011243,PG-13,Thriller/Suspense,3612,100,2010
294,2014-03-27,Noah,/movie/Noah#tab=summary,130000000,101200044,352831065,43720472,PG-13,Drama,3571,137,2014
295,2011-10-28,The Adventures of Tintin,/movie/Adventures-of-Tintin-The#tab=summary,130000000,77591831,373993951,9720993,PG,Adventure,3087,104,2011
296,2013-05-31,After Earth,/movie/After-Earth#tab=summary,130000000,60522097,251499665,27520040,PG-13,Action,3401,99,2013
297,2008-11-26,Australia,/movie/Australia-(2008)#tab=summary,130000000,49554002,215080810,14800723,PG-13,Drama,2721,165,2008
298,2013-07-19,R.I.P.D.,/movie/RIPD#tab=summary,130000000,33618855,79076678,12691415,PG-13,Action,2852,98,2013
299,2019-01-03,How to Train Your Dragon: The Hidden World,/movie/How-to-Train-Your-Dragon-The-Hidden-World-(2019)#tab=summary,129000000,160799505,521214533,55022245,PG,Adventure,4286,104,2019
300,2011-11-18,"The Twilight Saga: Breaking Dawn, Part 1",/movie/Twilight-Saga-Breaking-Dawn-Part-1-The#tab=summary,127500000,281287133,688288353,138122261,PG-13,Drama,4066,117,2011
301,2000-05-19,Dinosaur,/movie/Dinosaur#tab=summary,127500000,137748063,356148063,38854851,PG,Adventure,3319,82,2000
302,2017-02-23,Logan,/movie/Logan-(2017)#tab=summary,127000000,226277068,614202315,88411916,R,Action,4071,135,2017
303,2014-12-18,Night at the Museum: Secret of the Tomb,/movie/Night-at-the-Museum-Secret-of-the-Tomb#tab=summary,127000000,113746621,353756621,17100520,PG,Adventure,3914,97,2014
304,2011-07-13,Harry Potter and the Deathly Hallows: Part II,/movie/Harry-Potter-and-the-Deathly-Hallows-Part-II#tab=summary,125000000,381193157,1316355322,169189427,PG-13,Adventure,4375,131,2011
305,2014-11-19,The Hunger Games: Mockingjay - Part 1,/movie/Hunger-Games-Mockingjay-Part-1-The#tab=summary,125000000,337135885,766575131,121897634,PG-13,Thriller/Suspense,4151,123,2014
306,2001-11-15,Harry Potter and the Sorcerer’s Stone,/movie/Harry-Potter-and-the-Sorcerers-Stone#tab=summary,125000000,317871467,965054122,90294621,PG,Adventure,3672,152,2001
307,2019-12-04,Jumanji: The Next Level,/movie/Jumanji-The-Next-Level#tab=summary,125000000,316831246,798332900,59251543,PG-13,Adventure,4227,123,2019
308,2010-11-17,Harry Potter and the Deathly Hallows: Part I,/movie/Harry-Potter-and-the-Deathly-Hallows-Part-I#tab=summary,125000000,296131568,951767705,125017372,PG-13,Adventure,4125,146,2010
309,2006-05-19,The Da Vinci Code,/movie/Da-Vinci-Code-The#tab=summary,125000000,217536138,767820459,77073388,PG-13,Thriller/Suspense,3757,152,2006
310,2003-04-30,X-Men 2,/movie/X-Men-2-(2003)#tab=summary,125000000,214949694,406348630,85558731,PG-13,Action,3749,135,2003
311,2011-04-21,Fast Five,/movie/Fast-Five#tab=summary,125000000,210031325,630163454,86198765,PG-13,Action,3793,130,2011
312,2014-08-08,Teenage Mutant Ninja Turtles,/movie/Teenage-Mutant-Ninja-Turtles-(2014)#tab=summary,125000000,191204754,485004754,65575105,PG-13,Adventure,3980,101,2014
313,2011-12-16,Sherlock Holmes: A Game of Shadows,/movie/Sherlock-Holmes-A-Game-of-Shadows-(2011)#tab=summary,125000000,186848418,535663443,39637079,PG-13,Action,3703,129,2011
314,2004-05-27,The Day After Tomorrow,/movie/Day-After-Tomorrow-The#tab=summary,125000000,186740799,555840117,68743584,PG-13,Adventure,3444,123,2004
315,2017-03-17,The Boss Baby,/movie/Boss-Baby-The#tab=summary,125000000,175003033,527965936,50198902,PG,Adventure,3829,97,2017
316,2010-04-01,Clash of the Titans,/movie/Clash-of-the-Titans-(2010)#tab=summary,125000000,163214888,493214888,61235105,PG-13,Action,3802,106,2010
317,2016-10-12,Trolls,/movie/Trolls#tab=summary,125000000,153707064,343242613,46581142,PG,Adventure,4066,93,2016
318,1998-05-19,Godzilla,/movie/Godzilla#tab=summary,125000000,136314294,376000000,93188384,PG-13,Action,3952,123,1998
319,2012-05-30,Prometheus,/movie/Prometheus#tab=summary,125000000,126477084,402448265,51050101,R,Thriller/Suspense,3442,124,2012
320,2012-08-10,The Bourne Legacy,/movie/Bourne-Legacy-The#tab=summary,125000000,113203870,280355920,38142825,PG-13,Thriller/Suspense,3753,135,2012
321,1997-06-20,Batman & Robin,/movie/Batman-and-Robin#tab=summary,125000000,107325195,238317814,42872605,PG-13,Action,2942,125,1997
322,2018-07-05,Skyscraper,/movie/Skyscraper#tab=summary,125000000,68420120,304868961,24905015,PG,Action,3822,103,2018
323,2020-01-03,The Call of the Wild,/movie/Call-of-the-Wild-The-(2020)#tab=summary,125000000,62342368,107360936,24791624,PG,Adventure,3914,100,2020
324,2012-08-03,Total Recall,/movie/Total-Recall-(Remake)#tab=summary,125000000,58877969,211856088,25577758,PG-13,Action,3601,117,2012
325,2016-12-21,Assassin’s Creed,/movie/Assassins-Creed#tab=summary,125000000,54647948,240759682,10278225,PG-13,Action,2996,116,2016
326,2016-12-29,Monster Trucks,/movie/Monster-Trucks#tab=summary,125000000,33370166,61642798,10950705,PG-13,Adventure,3119,104,2016
327,1999-08-27,The 13th Warrior,/movie/13th-Warrior-The#tab=summary,125000000,32698899,61698899,10267756,R,Action,2313,103,1999
328,2000-11-17,How the Grinch Stole Christmas,/movie/How-the-Grinch-Stole-Christmas-(2000)#tab=summary,123000000,260348825,345445403,55820330,PG,Adventure,3256,105,2000
329,2000-05-24,Mission: Impossible 2,/movie/Mission-Impossible-2#tab=summary,120000000,215409889,549588516,57845297,PG-13,Action,3669,126,2000
330,2000-06-30,The Perfect Storm,/movie/Perfect-Storm-The#tab=summary,120000000,182618434,328711434,41325042,PG-13,Drama,3407,129,2000
331,2016-07-20,Jason Bourne,/movie/Jason-Bourne#tab=summary,120000000,162192920,416168316,59215365,PG-13,Action,4039,123,2016
332,2022-02-10,Uncharted,/movie/Uncharted-(2022)#tab=summary,120000000,148648820,401748820,44010155,PG-13,Adventure,4275,116,2022
333,2007-06-15,Fantastic Four: Rise of the Silver Surfer,/movie/Fantastic-Four-Rise-of-the-Silver-Surfer#tab=summary,120000000,131921738,289480691,58051684,PG,Action,3963,91,2007
334,2012-11-21,Life of Pi,/movie/Life-of-Pi#tab=summary,120000000,124987022,619310368,22451514,PG,Drama,2946,125,2012
335,2007-02-16,Ghost Rider,/movie/Ghost-Rider#tab=summary,120000000,115802596,229545589,45388836,PG-13,Action,3620,110,2007
336,2018-04-09,Rampage,/movie/Rampage-(2018)#tab=summary,120000000,101028233,427947217,35753093,PG-13,Action,4115,107,2018
337,2003-06-27,Charlie's Angels: Full Throttle,/movie/Charlies-Angels-Full-Throttle#tab=summary,120000000,100814328,227163273,37634221,PG-13,Action,3485,106,2003
338,2013-08-09,Elysium,/movie/Elysium#tab=summary,120000000,93050117,286192091,29807393,R,Action,3284,109,2013
339,2013-04-19,Oblivion,/movie/Oblivion-(2013)#tab=summary,120000000,89107235,287916633,37054485,PG-13,Thriller/Suspense,3792,125,2013
340,2017-03-24,Power Rangers,/movie/Power-Rangers-(2017)#tab=summary,120000000,85364450,142531552,40300288,PG-13,Action,3693,124,2017
341,2002-07-19,Stuart Little 2,/movie/Stuart-Little-2#tab=summary,120000000,64956806,166000000,15115152,PG,Adventure,3282,77,2002
342,2014-02-12,RoboCop,/movie/RoboCop-(2013)#tab=summary,120000000,58607007,242981799,21681430,PG-13,Action,3372,116,2014
343,2004-06-11,The Chronicles of Riddick,/movie/Chronicles-of-Riddick-The#tab=summary,120000000,57712751,107212751,24289165,PG-13,Adventure,2759,119,2004
344,2015-08-05,The Fantastic Four,/movie/Fantastic-Four-The-(2015)#tab=summary,120000000,56117548,167849187,NA,NA,NA,NA,NA,2015
345,2008-05-09,Speed Racer,/movie/Speed-Racer#tab=summary,120000000,43945766,93394462,18561337,PG,Action,3606,135,2008
346,2005-07-22,The Island,/movie/Island-The-(2005)#tab=summary,120000000,35818913,163018913,12409070,PG-13,Action,3138,136,2005
347,2010-12-17,How Do You Know?,/movie/How-Do-You-Know#tab=summary,120000000,30212620,49628177,7484696,R,Romantic Comedy,2483,121,2010
348,2018-11-09,Outlaw King,/movie/Outlaw-King-(2018)#tab=summary,120000000,0,0,NA,R,Action,NA,117,2018
349,2022-12-02,Emancipation,/movie/Emancipation-(2022)#tab=summary,120000000,0,0,NA,NA,Thriller/Suspense,NA,132,2022
350,2010-06-23,Knight and Day,/movie/Knight-and-Day#tab=summary,117000000,76423035,258751370,20139985,PG-13,Action,3104,109,2010
351,2021-01-25,Tang Ren Jie Tan An 3,/movie/Tang-Ren-Jie-Tan-An-3-(China)#tab=summary,117000000,0,699084069,NA,R,Action,NA,136,2021
352,2018-10-02,Venom,/movie/Venom-(2018)#tab=summary,116000000,213511408,856081053,80255756,PG-13,Action,4250,112,2018
353,1999-05-19,Star Wars Ep. I: The Phantom Menace,/movie/Star-Wars-Ep-I-The-Phantom-Menace#tab=summary,115000000,474544677,1027044677,64810970,PG,Adventure,3126,133,1999
354,2005-05-19,Star Wars Ep. III: Revenge of the Sith,/movie/Star-Wars-Ep-III-Revenge-of-the-Sith#tab=summary,115000000,380270577,848998877,108435841,PG-13,Adventure,3663,139,2005
355,2002-05-16,Star Wars Ep. II: Attack of the Clones,/movie/Star-Wars-Ep-II-Attack-of-the-Clones#tab=summary,115000000,310676740,656695615,80027814,PG,Adventure,3161,143,2002
356,2001-11-02,"Monsters, Inc.",/movie/Monsters-Inc#tab=summary,115000000,290149425,560483719,62577067,G,Adventure,3649,92,2001
357,2013-07-26,The Wolverine,/movie/Wolverine-The#tab=summary,115000000,132556852,416456852,53113752,PG-13,Action,3924,126,2013
358,1997-02-07,Dante’s Peak,/movie/Dantes-Peak-(1997)#tab=summary,115000000,67163857,178200000,18479435,PG-13,Thriller/Suspense,2761,109,1997
359,2016-04-06,The Huntsman: Winter’s War,/movie/Huntsman-Winters-War-The#tab=summary,115000000,48003015,165149302,19445035,PG-13,Action,3802,113,2016
360,2002-06-14,Windtalkers,/movie/Windtalkers#tab=summary,115000000,40914068,77628265,14520412,R,Action,2898,134,2002
361,2019-03-06,Triple Frontier,/movie/Triple-Frontier-(2019)#tab=summary,115000000,0,0,NA,R,Action,NA,125,2019
362,2008-07-04,Astérix aux Jeux Olympiques,/movie/Asterix-aux-Jeux-Olympiques#tab=summary,113500000,999811,132999811,NA,Unrated,Adventure,NA,NA,2008
363,2010-12-24,Gulliver's Travels,/movie/Gullivers-Travels-(2010)#tab=summary,112000000,42779261,232017848,6307691,PG,Adventure,3089,87,2010
364,2017-12-08,Ferdinand,/movie/Ferdinand#tab=summary,111000000,84410380,288510892,13401586,PG,Adventure,3630,107,2017
365,2018-05-11,Deadpool 2,/movie/Deadpool-2#tab=summary,110000000,324591735,786362370,125507153,R,Action,4349,119,2018
366,2013-10-03,Gravity,/movie/Gravity#tab=summary,110000000,274092705,688214291,55785112,PG-13,Thriller/Suspense,3820,91,2013
367,2006-12-22,Night at the Museum,/movie/Night-at-the-Museum#tab=summary,110000000,250863268,579446407,30433781,PG,Adventure,3768,108,2006
368,2021-09-30,Venom: Let There be Carnage,/movie/Venom-Let-There-be-Carnage#tab=summary,110000000,213550366,501600379,90033210,PG-13,Action,4225,97,2021
369,2005-06-10,Mr. and Mrs. Smith,/movie/Mr-and-Mrs-Smith#tab=summary,110000000,186336279,486124090,50342878,PG-13,Action,3451,120,2005
370,2015-05-27,San Andreas,/movie/San-Andreas#tab=summary,110000000,155190832,456258539,54588173,PG-13,Adventure,3812,114,2015
371,2011-07-29,The Smurfs,/movie/Smurfs-The#tab=summary,110000000,142614158,563749323,35611637,PG,Adventure,3427,103,2011
372,2007-06-27,Live Free or Die Hard,/movie/Live-Free-or-Die-Hard#tab=summary,110000000,134529403,382288147,33369559,PG-13,Action,3411,129,2007
373,2015-03-18,The Divergent Series: Insurgent,/movie/Divergent-Series-Insurgent-The#tab=summary,110000000,130179072,295075882,52263680,PG-13,Action,3875,118,2015
374,2004-12-10,Ocean's Twelve,/movie/Oceans-Twelve#tab=summary,110000000,125531634,362989076,39153380,PG-13,Adventure,3290,125,2004
375,1997-12-19,Tomorrow Never Dies,/movie/Tomorrow-Never-Dies#tab=summary,110000000,125304276,339504276,25143007,PG-13,Action,2807,119,1997
376,2000-06-28,The Patriot,/movie/Patriot-The-(2000)#tab=summary,110000000,113330342,215300000,22413710,R,Drama,3061,164,2000
377,2014-03-07,300: Rise of an Empire,/movie/300-Rise-of-an-Empire#tab=summary,110000000,106580051,330780051,45038460,R,Action,3490,102,2014
378,2004-12-17,The Aviator,/movie/Aviator-The-(2004)#tab=summary,110000000,102608827,208370892,858021,PG-13,Drama,2530,170,2004
379,2016-12-21,Passengers,/movie/Passengers-(2015)#tab=summary,110000000,100014699,302239672,14869736,PG-13,Thriller/Suspense,3478,116,2016
380,2011-01-14,The Green Hornet,/movie/Green-Hornet-The#tab=summary,110000000,98780042,229155503,33526876,PG-13,Action,3584,118,2011
381,2016-09-21,Miss Peregrine’s Home for Peculiar Children,/movie/Miss-Peregrines-Home-for-Peculiar-Children#tab=summary,110000000,87242834,295986876,28871140,PG-13,Adventure,3835,126,2016
382,2011-10-07,Real Steel,/movie/Real-Steel#tab=summary,110000000,85463309,263880341,27319677,PG-13,Action,3440,126,2011
383,2019-06-12,Men in Black: International,/movie/Men-in-Black-International-(2019)#tab=summary,110000000,80001807,253020464,30035838,PG-13,Adventure,4224,118,2019
384,2010-06-11,The A-Team,/movie/A-Team-The#tab=summary,110000000,77222099,177241171,25669455,PG-13,Action,3544,118,2010
385,2013-07-31,The Smurfs 2,/movie/Smurfs-2-The#tab=summary,110000000,71017784,348547523,17548389,PG,Adventure,3867,104,2013
386,2016-03-09,The Divergent Series: Allegiant,/movie/Divergent-Series-Allegiant-The#tab=summary,110000000,66184051,172022517,29027348,PG-13,Action,3740,120,2016
387,2009-06-12,The Taking of Pelham 123,/movie/Taking-of-Pelham-123-The#tab=summary,110000000,65452312,152364370,23373102,R,Action,3077,106,2009
388,2013-10-25,Ender's Game,/movie/Enders-Game#tab=summary,110000000,61737191,127983283,27017351,PG-13,Adventure,3407,114,2013
389,2004-04-02,Home on the Range,/movie/Home-on-the-Range#tab=summary,110000000,50026353,76482461,13880771,PG,Adventure,3058,76,2004
390,1997-06-13,Speed 2: Cruise Control,/movie/Speed-2-Cruise-Control#tab=summary,110000000,48097081,150468000,16158942,PG-13,Action,2625,125,1997
391,2005-05-06,Kingdom of Heaven,/movie/Kingdom-of-Heaven#tab=summary,110000000,47398413,218674938,19635996,R,Action,3219,148,2005
392,2017-03-23,Ghost in the Shell,/movie/Ghost-in-the-Shell#tab=summary,110000000,40563557,167910690,18676033,PG-13,Action,3440,100,2017
393,2004-06-16,Around the World in 80 Days,/movie/Around-the-World-in-80-Days-(2004)#tab=summary,110000000,24004159,72004159,7576132,PG,Adventure,2801,120,2004
394,2003-11-21,Dr. Seuss’ The Cat in the Hat,/movie/Dr-Seuss-The-Cat-in-the-Hat-(2003)#tab=summary,109000000,101018283,133818283,38329160,PG,Adventure,3467,82,2003
395,2001-12-25,Ali,/movie/Ali-(2001)#tab=summary,109000000,58183966,87683966,14710892,R,Drama,2521,158,2001
396,2015-09-30,The Martian,/movie/Martian-The#tab=summary,108000000,228433663,653609107,54308575,PG-13,Thriller/Suspense,3854,130,2015
397,2016-11-20,Allied,/movie/Allied#tab=summary,106000000,40098064,119266661,12701743,R,Drama,3160,124,2016
398,2004-07-16,"I, Robot",/movie/I-Robot#tab=summary,105000000,144801023,348629585,52179887,PG-13,Action,3494,115,2004
399,1999-12-17,Stuart Little,/movie/Stuart-Little#tab=summary,105000000,140015224,298815224,15018223,PG,Adventure,3151,92,1999
400,2009-11-25,The Princess and the Frog,/movie/Princess-and-the-Frog-The#tab=summary,105000000,104400899,270997378,786190,G,Adventure,3475,97,2009
401,2008-03-07,"10,000 B.C.",/movie/10-000-B-C#tab=summary,105000000,94784201,269065678,35867488,PG-13,Adventure,3454,109,2008
402,2016-07-01,Ice Age: Collision Course,/movie/Ice-Age-Collision-Course#tab=summary,105000000,64063008,402156682,21373064,PG,Adventure,3997,100,2016
403,1997-11-07,Starship Troopers,/movie/Starship-Troopers#tab=summary,105000000,54768952,121100000,22058773,R,Action,2971,129,1997
404,2001-04-27,Town & Country,/movie/Town-and-Country#tab=summary,105000000,6712451,10364769,3029858,R,Romantic Comedy,2222,NA,2001
405,2017-09-19,Kingsman: The Golden Circle,/movie/Kingsman-The-Golden-Circle#tab=summary,104000000,100234838,408803696,39023010,R,Action,4038,141,2017
406,2000-06-09,Gone in 60 Seconds,/movie/Gone-in-60-Seconds#tab=summary,103300000,101643008,232643008,25336048,PG-13,Action,3089,117,2000
407,2000-05-04,Gladiator,/movie/Gladiator-(2000)#tab=summary,103000000,187683805,456435588,34819017,R,Action,3188,154,2000
408,2013-05-23,The Hangover 3,/movie/Hangover-3-The#tab=summary,103000000,112200072,362000072,41671198,R,Comedy,3565,100,2013
409,2018-03-09,A Wrinkle in Time,/movie/Wrinkle-in-Time-A-(2018)#tab=summary,103000000,100478608,133214549,33123609,PG,Adventure,3980,120,2018
410,2009-07-01,Public Enemies,/movie/Public-Enemies-(2009)#tab=summary,102500000,97104620,212282709,25271675,R,Drama,3336,140,2009
411,2006-11-17,Casino Royale,/movie/Casino-Royale-(2006)#tab=summary,102000000,167365000,594420283,40833156,PG-13,Action,3443,144,2006
412,2002-06-21,Minority Report,/movie/Minority-Report#tab=summary,102000000,132024714,358824714,35677125,PG-13,Action,3001,144,2002
413,2018-12-13,Bumblebee,/movie/Bumblebee#tab=summary,102000000,127195589,465195589,21654047,PG-13,Adventure,3597,114,2018
414,2012-10-26,Cloud Atlas,/movie/Cloud-Atlas#tab=summary,102000000,27108272,130673154,9612247,R,Drama,2023,172,2012
415,2002-11-15,Harry Potter and the Chamber of Secrets,/movie/Harry-Potter-and-the-Chamber-of-Secrets#tab=summary,100000000,262233381,875262553,88357488,PG,Adventure,3682,161,2002
416,1991-07-02,Terminator 2: Judgment Day,/movie/Terminator-2-Judgment-Day#tab=summary,100000000,203464105,515376182,31765506,R,Action,2495,136,1991
417,1995-06-16,Batman Forever,/movie/Batman-Forever-(1995)#tab=summary,100000000,184031112,336529144,52784433,PG-13,Action,2893,122,1995
418,2001-07-27,Planet of the Apes,/movie/Planet-of-the-Apes-(2001)#tab=summary,100000000,180011740,362211740,68532960,PG-13,Adventure,3530,120,2001
419,2004-11-19,National Treasure,/movie/National-Treasure#tab=summary,100000000,173005002,331323410,35142554,PG,Adventure,3243,130,2004
420,2012-12-25,Django Unchained,/movie/Django-Unchained#tab=summary,100000000,162805434,449841566,30122888,R,Western,3012,165,2012
421,2019-12-25,1917,/movie/1917-(2019)#tab=summary,100000000,159227644,370603379,576216,R,Thriller/Suspense,3987,119,2019
422,2010-12-22,Little Fockers,/movie/Little-Fockers#tab=summary,100000000,148438600,310650574,30833665,PG-13,Comedy,3675,98,2010
423,1994-07-15,True Lies,/movie/True-Lies#tab=summary,100000000,146282411,365300000,25869770,R,Action,2561,141,1994
424,2007-11-02,American Gangster,/movie/American-Gangster-(2007)#tab=summary,100000000,130164645,267985456,43565135,R,Drama,3111,157,2007
425,2009-09-18,Cloudy with a Chance of Meatballs,/movie/Cloudy-with-a-Chance-of-Meatballs#tab=summary,100000000,124870275,236827677,30304648,PG,Adventure,3119,90,2009
426,2010-08-06,The Other Guys,/movie/Other-Guys-The-(2010)#tab=summary,100000000,119219978,170936470,35543162,PG-13,Comedy,3651,97,2010
427,2004-12-17,Lemony Snicket's A Series of Unfortunate Events,/movie/Lemony-Snickets-A-Series-of-Unfortunate-Events#tab=summary,100000000,118627117,212956024,30061756,PG,Adventure,3623,107,2004
428,2013-12-25,The Wolf of Wall Street,/movie/Wolf-of-Wall-Street-The#tab=summary,100000000,116949183,389918903,18410067,R,Black Comedy,2557,165,2013
429,2013-05-24,Epic,/movie/Epic#tab=summary,100000000,107518682,262794441,33531068,PG,Adventure,3894,103,2013
430,1996-06-21,Eraser,/movie/Eraser#tab=summary,100000000,101295562,234400000,24566446,R,Action,2556,114,1996
431,1996-06-21,The Hunchback of Notre Dame,/movie/Hunchback-of-Notre-Dame-The#tab=summary,100000000,100138851,325500000,21037414,G,Adventure,2835,91,1996
432,2000-12-15,The Emperor's New Groove,/movie/Emperors-New-Groove-The#tab=summary,100000000,89630573,169630573,9812302,G,Adventure,2887,78,2000
433,2012-08-15,The Expendables 2,/movie/Expendables-2-The#tab=summary,100000000,85028192,311979256,28591370,R,Action,3355,103,2012
434,2009-10-16,Where the Wild Things Are,/movie/Where-the-Wild-Things-Are#tab=summary,100000000,77233467,99123656,32695407,PG,Adventure,3735,100,2009
435,2006-12-15,Eragon,/movie/Eragon#tab=summary,100000000,75030163,249488115,23239907,PG,Adventure,3030,104,2006
436,2014-07-23,Hercules,/movie/Hercules-(2014)#tab=summary,100000000,72688614,243388614,29800263,PG-13,Adventure,3595,97,2014
437,2010-12-10,The Tourist,/movie/Tourist-The#tab=summary,100000000,67631157,278731369,16472458,PG-13,Thriller/Suspense,2756,102,2010
438,1999-11-24,End of Days,/movie/End-of-Days#tab=summary,100000000,66889043,212026975,20523595,R,Action,2665,120,1999
439,2019-12-25,Spies in Disguise,/movie/Spies-in-Disguise-(2019)#tab=summary,100000000,66757013,165138481,13354798,PG,Adventure,3502,104,2019
440,2004-06-11,The Stepford Wives,/movie/Stepford-Wives-The-(2004)#tab=summary,100000000,59475623,96150482,21406781,PG-13,Black Comedy,3057,93,2004
441,2007-06-08,Surf’s Up,/movie/Surfs-Up-(2007)#tab=summary,100000000,58867694,145395745,17640249,PG,Adventure,3531,85,2007
442,2006-12-08,Blood Diamond,/movie/Blood-Diamond#tab=summary,100000000,57377916,171377916,8648324,R,Action,1920,143,2006
443,2019-11-07,Midway,/movie/Midway-(2019)#tab=summary,100000000,56846802,126829063,17897419,PG-13,Action,3242,138,2019
444,2010-09-24,Legend of the Guardians: The Owls of Ga'Hoole,/movie/Legend-of-the-Guardians-The-Owls-of-GaHoole#tab=summary,100000000,55675313,139716717,16112211,PG,Adventure,3575,90,2010
445,2009-06-05,Land of the Lost,/movie/Land-of-the-Lost#tab=summary,100000000,49438370,69548641,18837350,PG-13,Comedy,3534,102,2009
446,2003-12-18,Peter Pan,/movie/Peter-Pan-(2003)#tab=summary,100000000,48417850,95255485,11139495,PG,Adventure,2813,113,2003
447,2019-03-15,Wonder Park,/movie/Wonder-Park-(2019)#tab=summary,100000000,45216793,115112118,15853646,PG,Adventure,3838,93,2019
448,2004-07-23,Catwoman,/movie/Catwoman#tab=summary,100000000,40202379,82078046,16728411,PG-13,Action,3117,101,2004
449,2014-08-14,The Expendables 3,/movie/Expendables-3-The#tab=summary,100000000,39322544,209461378,15879645,PG-13,Action,3221,103,2014
450,2021-12-08,West Side Story,/movie/West-Side-Story-(2020)#tab=summary,100000000,38530322,75011257,10574618,PG-13,Musical,2820,156,2021
451,2002-11-27,Treasure Planet,/movie/Treasure-Planet#tab=summary,100000000,38120554,91800000,12083248,PG,Adventure,3227,95,2002
452,2021-12-22,The King’s Man,/movie/Kings-Man-The-(2020)#tab=summary,100000000,37176373,121125300,5915542,R,Action,3180,131,2021
453,2010-03-12,Green Zone,/movie/Green-Zone#tab=summary,100000000,35497337,97523020,14309295,R,Drama,3004,114,2010
454,2017-10-13,Geostorm,/movie/Geostorm#tab=summary,100000000,33700160,220796009,13707376,PG-13,Thriller/Suspense,3246,109,2017
455,2015-12-02,Point Break,/movie/Point-Break-(Remake)#tab=summary,100000000,28782481,126704591,9800252,PG-13,Action,2910,113,2015
456,2019-12-17,Cats,/movie/Cats-(2019)#tab=summary,100000000,27166770,75558925,6619870,PG,Musical,3380,110,2019
457,2015-11-26,In the Heart of the Sea,/movie/In-the-Heart-of-the-Sea#tab=summary,100000000,25020758,89693309,11053366,PG-13,Adventure,3103,121,2015
458,2014-04-18,Transcendence,/movie/Transcendence#tab=summary,100000000,23022309,103039258,10886386,PG-13,Thriller/Suspense,3455,119,2014
459,2005-02-18,Son of the Mask,/movie/Son-of-the-Mask#tab=summary,100000000,17018422,59918422,7511675,PG,Adventure,2966,94,2005
460,2018-12-05,Mortal Engines,/movie/Mortal-Engines-(2018)#tab=summary,100000000,15951040,85480271,7559850,PG-13,Action,3103,128,2018
461,2021-02-03,Chaos Walking,/movie/Chaos-Walking#tab=summary,100000000,13287908,27075660,3775350,PG-13,Action,2132,108,2021
462,2021-10-13,The Last Duel,/movie/Last-Duel-The#tab=summary,100000000,10853945,30055233,4759151,R,Drama,3065,153,2021
463,2002-08-16,The Adventures of Pluto Nash,/movie/Adventures-of-Pluto-Nash-The#tab=summary,100000000,4411102,7094995,2182900,PG-13,Comedy,2320,NA,2002
464,2012-01-20,Jin líng shí san chai,/movie/Jin-ling-shi-san-chai#tab=summary,100000000,311434,98227017,48558,R,Drama,30,141,2012
465,2020-12-09,The Midnight Sky,/movie/Midnight-Sky-The-(2020)#tab=summary,100000000,0,75615,NA,PG-13,Adventure,NA,118,2020
466,2020-06-12,Artemis Fowl,/movie/Artemis-Fowl-(2020)#tab=summary,100000000,0,0,NA,PG,Adventure,NA,115,2020
467,2015-11-05,The Peanuts Movie,/movie/Peanuts-Movie-The#tab=summary,99000000,130178411,250091610,44213073,G,Adventure,3902,89,2015
468,2019-02-06,The LEGO Movie 2: The Second Part,/movie/Lego-Movie-2-The-Second-Part-The-(2019)#tab=summary,99000000,105806508,190131036,34115335,PG,Adventure,4303,107,2019
469,2018-11-21,Robin Hood,/movie/Robin-Hood-(2018)#tab=summary,99000000,30824628,85210012,36063385,PG-13,Action,3505,139,2018
470,2001-05-04,The Mummy Returns,/movie/Mummy-Returns-The#tab=summary,98000000,202007640,435040395,68139035,PG-13,Adventure,3553,129,2001
471,2019-11-14,Ford v. Ferrari,/movie/Ford-v-Ferrari-(2019)#tab=summary,97600000,117624357,224418748,31474958,PG-13,Drama,3746,152,2019
472,2002-12-20,Gangs of New York,/movie/Gangs-of-New-York#tab=summary,97000000,77730500,183124621,9496870,R,Drama,2340,155,2002
473,2017-05-04,Alien: Covenant,/movie/Alien-Covenant#tab=summary,97000000,74262031,238521247,36160621,R,Horror,3772,123,2017
474,2015-03-06,Cinderella,/movie/Cinderella-(2015)#tab=summary,95000000,201151353,542351353,67877361,PG,Drama,3848,105,2015
475,2012-06-27,Ice Age: Continental Drift,/movie/Ice-Age-Continental-Drift#tab=summary,95000000,161321843,879765137,46629259,PG,Adventure,3886,87,2012
476,2001-12-28,Black Hawk Down,/movie/Black-Hawk-Down#tab=summary,95000000,108638745,159691085,179823,R,Action,3143,144,2001
477,2010-05-27,Sex and the City 2,/movie/Sex-and-the-City-2#tab=summary,95000000,95347692,294680778,31001870,R,Comedy,3445,146,2010
478,2010-02-12,Percy Jackson & the Olympians: The Lightning Thief,/movie/Percy-Jackson-and-the-Lightning-Thief#tab=summary,95000000,88768303,223050874,31236067,PG,Adventure,3396,119,2010
479,2012-08-10,The Campaign,/movie/Campaign-The#tab=summary,95000000,86907746,104907746,26588460,R,Comedy,3302,85,2012
480,2010-11-12,Unstoppable,/movie/Unstoppable#tab=summary,95000000,81562942,165720921,22688457,PG-13,Action,3261,98,2010
481,1997-05-09,The Fifth Element,/movie/Fifth-Element-The#tab=summary,95000000,63570862,263893838,17031345,PG-13,Action,2500,126,1997
482,2000-03-31,The Road to El Dorado,/movie/Road-to-El-Dorado-The#tab=summary,95000000,50802661,65700000,12846652,PG,Adventure,3223,89,2000
483,2009-12-11,The Lovely Bones,/movie/Lovely-Bones-The#tab=summary,95000000,44114232,94894448,116616,PG-13,Drama,2638,135,2009
484,2016-06-30,Ben-Hur,/movie/Ben-Hur-(2016)#tab=summary,95000000,26410477,91669648,11203815,PG-13,Adventure,3084,123,2016
485,2014-12-19,Seventh Son,/movie/Seventh-Son#tab=summary,95000000,17725785,108874967,7217640,PG-13,Adventure,2875,102,2014
486,2003-05-30,Finding Nemo,/movie/Finding-Nemo#tab=summary,94000000,380529370,936094852,70251710,G,Adventure,3425,100,2003
487,2003-12-17,The Lord of the Rings: The Return of the King,/movie/Lord-of-the-Rings-The-Return-of-the-King-The#tab=summary,94000000,377845905,1120214046,72629713,PG-13,Adventure,3703,201,2003
488,2002-12-18,The Lord of the Rings: The Two Towers,/movie/Lord-of-the-Rings-The-Two-Towers-The#tab=summary,94000000,342548984,919148764,62007528,PG-13,Adventure,3622,179,2002
489,2001-06-15,Lara Croft: Tomb Raider,/movie/Lara-Croft-Tomb-Raider#tab=summary,94000000,131144183,273330185,47735743,PG-13,Adventure,3349,100,2001
490,2015-01-29,Kingsman: The Secret Service,/movie/Kingsman-The-Secret-Service#tab=summary,94000000,128261724,404561724,36206331,R,Action,3282,129,2015
491,2001-12-19,The Lord of the Rings: The Fellowship of the Ring,/movie/Lord-of-the-Rings-The-Fellowship-of-the-Ring-The#tab=summary,93000000,315544750,891216824,47211490,PG-13,Adventure,3381,179,2001
492,2001-07-18,Jurassic Park III,/movie/Jurassic-Park-3#tab=summary,93000000,181166115,365900000,50771645,PG-13,Action,3470,93,2001
493,2011-08-05,Rise of the Planet of the Apes,/movie/Rise-of-the-Planet-of-the-Apes#tab=summary,93000000,176760185,470986200,54806191,PG-13,Adventure,3691,120,2011
494,2008-02-14,The Spiderwick Chronicles,/movie/Spiderwick-Chronicles-The#tab=summary,92500000,71195053,162839667,19004058,PG,Adventure,3847,96,2008
495,2004-10-22,The Incredibles,/movie/Incredibles-The#tab=summary,92000000,261441092,631441092,70467623,PG,Adventure,3933,115,2004
496,2013-02-06,A Good Day to Die Hard,/movie/Die-Hard-5#tab=summary,92000000,67349198,304249198,24834845,R,Action,3555,98,2013
497,2004-04-09,The Alamo,/movie/Alamo-The-(2004)#tab=summary,92000000,22406362,23911362,9124701,PG-13,Western,2609,137,2004
498,1995-12-22,Cutthroat Island,/movie/Cutthroat-Island#tab=summary,92000000,10017322,18517322,2371415,PG-13,Adventure,1619,NA,1995
499,2013-12-19,The Secret Life of Walter Mitty,/movie/Secret-Life-of-Walter-Mitty-The-(2012)#tab=summary,91000000,58236838,187861183,12765508,PG,Adventure,2922,114,2013
500,2023-03-09,65,/movie/65-(2022)#tab=summary,91000000,0,0,NA,NA,Thriller/Suspense,NA,NA,2023
